murdock_name,land_area,atlantic_number15,atlantic_number16,atlantic_number17,atlantic_number18,indian_number15,indian_number16,indian_number17,indian_number18,atlantic_all_years,indian_all_years
ABABDA,155478.9097123778,0,0,0,0,0,0,0,0,0,0
ABARAMBO,6780.70615803379,0,0,0,0,0,0,0,0,0,0
ABE,4031.345281013225,0,0,0,0,0,0,0,0,0,0
ACHOLI,27266.39825020345,0,0,0,0,0,0,0,0,0,0
ADAMAWA,52749.42431977099,0,0,0,0,0,0,0,0,0,0
ADANGME,4677.364387035948,0,0,0,10354,0,0,0,0,10354,0
ADARAWA,24362.0099920044,0,0,0,0,0,0,0,0,0,0
ADELE,1425.687019640919,0,0,0,29,0,0,0,0,29,0
AFAR,120873.4757238236,0,0,0,0,0,0,0,0,0,0
AFO,1831.095261324365,0,0,0,0,0,0,0,0,0,0
AFUSARE,945.914125689844,0,0,0,0,0,0,0,0,0,0
AHAGGAREN,497216.3768222321,0,0,0,0,0,0,0,0,0,0
AJUKRU,1893.909337754993,0,0,0,0,0,0,0,0,0,0
AKPOSO,2588.683074827215,0,0,0,0,0,0,0,0,0,0
AKYEM,13420.20307992716,0,0,16780,2334,0,0,0,0,19114,0
ALAGYA,1595.628638036363,0,0,0,0,0,0,0,0,0,0
ALGERIANS,84862.47997316415,0,0,0,0,0,0,0,0,0,0
ALUR,6866.616739127536,0,0,0,0,0,0,0,0,0,0
AMARAR,37745.41786762131,0,0,0,0,0,0,0,0,0,0
AMBA,7046.492892296346,0,590,0,1293,0,0,0,0,1883,0
AMBO,95740.46389111386,226,0,0,162,0,0,0,0,388,0
AMER,33925.4425652233,0,0,0,0,0,0,0,0,0,0
AMHARA,127273.4992663757,0,0,0,0,0,0,0,0,0,0
ANA,4512.359271094006,0,0,0,871,0,0,0,0,871,0
ANAG,13803.69438321083,0,0,0,0,0,0,0,0,0,0
ANGAS,15757.22702203262,0,0,0,0,0,0,0,0,0,0
ANTAISAKA,13979.54872056895,0,301,260,1854,0,0,1066,1028,2415,2094
ANTANDROY,21561.16316025795,0,465,401,2859,0,0,1644,1585,3725,3229
ANTESSAR,27304.90045651264,0,0,0,0,0,0,0,0,0,0
ANUAK,27540.58213313777,0,0,0,0,0,0,0,0,0,0
ANYANG,6692.782474612894,0,0,0,9431,0,0,0,0,9431,0
ANYI,32401.75688439244,0,0,0,0,0,0,0,0,0,0
ARAD,29153.81597191737,0,0,0,0,0,0,0,0,0,0
ARAGO,4139.075557501163,0,0,0,0,0,0,0,0,0,0
ARI,2773.075348075819,0,0,0,0,0,0,0,0,0,0
ARUSI,114600.5909568937,0,0,0,0,10,5,11,17,0,43
ASBEN,464409.9737198858,0,0,0,17,0,0,0,0,17,0
ASHANTI,60441.4087962987,0,31499,199900,157211,0,0,0,0,388610,0
ASSINI,4718.865034091734,0,0,0,0,0,0,0,0,0,0
ATTA,41498.51364750912,0,0,0,0,0,0,0,0,0,0
ATTIE,5401.58933010272,0,0,0,0,0,0,0,0,0,0
ATYUTI,3425.133330801213,0,0,0,0,0,0,0,0,0,0
AULLIMINDEN,317587.3376652723,0,0,0,0,0,0,0,0,0,0
AUSHI,44079.03295687797,0,0,0,0,0,0,0,0,0,0
AUYOKAWA,10309.09830818111,0,0,0,0,0,0,0,0,0,0
AVATIME,235.0217150235052,0,0,0,0,0,0,0,0,0,0
AVIKAM,2922.029258137256,0,0,0,4757,0,0,0,0,4757,0
AWIYA,6195.294228549427,0,0,0,0,0,0,0,0,0,0
AZANDE,148103.4031138655,0,0,0,0,0,0,0,0,0,0
AZJER,385106.2021292363,0,0,0,0,0,0,0,0,0,0
BABUKUR,2993.120091235397,0,0,0,0,0,0,0,0,0,0
BABWA,35329.39706395203,0,0,0,0,0,0,0,0,0,0
BACHAMA,2293.549692315054,0,0,0,0,0,0,0,0,0,0
BAGA,4381.262877255782,0,0,0,45,0,0,0,0,45,0
BAGIRMI,23856.56425613247,0,0,0,13,0,0,0,0,13,0
BAHARIYA,30049.8514923135,0,0,0,0,0,0,0,0,0,0
BAJUN,8629.258690254836,0,0,0,0,0,0,0,0,0,0
BAKAKARI,10056.88480427175,0,0,0,0,0,0,0,0,0,0
BAKO,10815.2182048546,0,0,0,0,0,0,0,0,0,0
BAKWE,14407.60270685953,0,0,0,0,0,0,0,0,0,0
BALANTE,5564.78168152017,228,28324,0,1547,0,0,0,0,30099,0
BAMBARA,128533.1776738905,0,144,212305,11507,0,0,0,0,223956,0
BAMILEKE,7438.106912442218,0,0,0,753,0,0,0,0,753,0
BANDA,266613.4314753488,0,0,0,9,0,0,0,0,9,0
BANGANDU,2494.777311503371,0,0,0,0,0,0,0,0,0,0
BANGBA,7677.810576989556,0,0,0,118,0,0,0,0,118,0
BANGI,50230.08161788561,0,0,0,0,0,0,0,0,0,0
BANYUN,1439.437352742345,3041,6528,0,35066,0,0,0,0,44635,0
BANZA,6877.503308742321,0,0,0,0,0,0,0,0,0,0
BANZIRI,11794.58779697523,0,0,0,0,0,0,0,0,0,0
BARA,79930.13728285293,0,1724,1486,10599,0,0,6096,5877,13809,11973
BARABRA,127956.1514476622,0,0,0,0,0,0,0,0,0,0
BARARETTA,226085.8378633324,0,0,0,0,20,10,21,34,0,85
BAREA,3314.790057302989,0,0,0,0,0,0,0,0,0,0
BARGU,56900.54656454916,6,0,19918,1784,0,0,0,0,21708,0
BARI,10250.00304524022,0,0,490,0,0,0,0,0,490,0
BASA,2628.573360499338,0,0,196,577,0,0,0,0,773,0
BASARI,3393.719451153205,0,0,0,0,0,0,0,0,0,0
BASHI,12117.57751413456,0,0,0,0,0,0,0,0,0,0
BASILA,1712.597946668332,0,0,0,0,0,0,0,0,0,0
BASSA,21090.74091276795,0,0,0,3542,0,0,0,0,3542,0
BATA,6478.22576525443,0,0,0,0,0,0,0,0,0,0
BATAHIN,31104.88853480934,0,0,0,0,0,0,0,0,0,0
BATI,10838.72674448298,0,0,0,0,0,0,0,0,0,0
BAUCHI,16311.12688225006,0,0,0,0,0,0,0,0,0,0
BAULE,28970.02806825127,0,0,0,0,0,0,0,0,0,0
BAYA,114707.4191108794,0,0,0,0,0,0,0,0,0,0
BEDE,9368.666364500894,0,0,0,108,0,0,0,0,108,0
BEDERIA,31894.44477125931,0,0,0,0,0,0,0,0,0,0
BEMBA,50325.67097604246,0,0,0,0,716,358,769,1202,0,3045
BENA,15163.46854466169,0,0,0,0,368,184,395,618,0,1565
BENDE,22006.95168909477,0,0,0,0,61,31,66,103,0,261
BERABER,59698.24607908913,0,0,0,0,0,0,0,0,0,0
BERABISH,290066.768572963,0,0,0,0,0,0,0,0,0,0
BERGDAMA,30293.29075122323,0,0,0,0,0,0,0,0,0,0
BERIBERI,30410.89188122423,0,0,0,0,0,0,0,0,0,0
BERTA,16145.08462232287,0,0,0,0,0,0,0,0,0,0
BERTI,40799.07190194573,0,0,0,0,0,0,0,0,0,0
BETE,18131.96102720265,0,0,273,0,0,0,0,0,273,0
BETSILEO,32412.20319275362,0,699,602,4298,0,0,2472,2383,5599,4855
BETSIMISARAKA,58372.63166438562,0,1259,1085,7740,0,0,4452,4292,10084,8744
BIAFADA,4871.090267705701,6539,7657,991,1326,0,0,0,0,16513,0
BIDEYAT,568541.8334554085,0,0,0,0,0,0,0,0,0,0
BIJOGO,1479.214733261079,750,5198,1982,663,0,0,0,0,8593,0
BINZA,15491.94380000518,0,0,0,0,0,0,0,0,0,0
BIRA,24884.79432788389,0,0,0,0,0,0,0,0,0,0
BIRIFON,6631.08970469801,0,0,0,0,0,0,0,0,0,0
BIRKED,16439.950113263,0,0,0,0,0,0,0,0,0,0
BIROM,3283.812050064977,0,0,0,36,0,0,0,0,36,0
BISA,37836.64936223577,0,0,0,563,2864,1432,3075,4809,563,12180
BISHARIN,116021.129260584,0,0,0,0,0,0,0,0,0,0
BOBO,28824.20822280971,0,0,5945,78,0,0,0,0,6023,0
BOFI,2895.587938304997,0,0,0,0,0,0,0,0,0,0
BOGO,2471.512567835014,0,0,0,0,0,0,0,0,0,0
BOKI,3587.901341280127,0,0,0,36,0,0,0,0,36,0
BOLEWA,7779.597154442238,0,0,0,90,0,0,0,0,90,0
BOMITABA,7511.65541190898,0,0,0,0,0,0,0,0,0,0
BONDEI,1794.710801143023,0,0,0,0,982,491,1054,1649,0,4176
BONDJO,16278.83101714696,0,0,0,0,0,0,0,0,0,0
BONGO,22414.24696142114,0,0,0,0,0,0,0,0,0,0
BONI,13943.14309067135,0,0,0,0,0,0,0,0,0,0
BORAN,138935.3581917995,0,0,0,0,12,6,13,21,0,52
BORROM,3658.76335211999,0,0,0,0,0,0,0,0,0,0
BOSAKA,26518.95064473357,0,0,0,0,0,0,0,0,0,0
BOZO,10519.44482567647,0,0,0,0,0,0,0,0,0,0
BRONG,20390.10041050737,0,0,0,0,0,0,0,0,0,0
BUA,16055.59429384295,0,0,0,0,0,0,0,0,0,0
BUBI,2014.259346806839,0,0,0,0,0,0,0,0,0,0
BUDJA,29559.87978635883,0,0,0,0,0,0,0,0,0,0
BUDU,8100.006833946279,0,0,0,0,0,0,0,0,0,0
BUDUMA,3061.830449979087,0,0,0,13,0,0,0,0,13,0
BUEM,2419.823951801037,0,0,0,0,0,0,0,0,0,0
BUILSA,2459.12269019847,0,0,0,0,0,0,0,0,0,0
BULGEDA,141632.6061979033,0,0,0,0,0,0,0,0,0,0
BULOM,3347.704749355799,0,0,720,1428,0,0,0,0,2148,0
BUNDA,9345.769681305894,0,0,0,0,0,0,0,0,0,0
BUNU,8665.638675536808,0,0,0,2164,0,0,0,0,2164,0
BURA,6222.321502032162,0,0,0,0,0,0,0,0,0,0
BURUNGI,3483.45572698708,0,0,0,0,0,0,0,0,0,0
BUSA,23862.49960775928,0,0,0,18,0,0,0,0,18,0
BUSANSI,9494.388404193209,0,0,0,0,0,0,0,0,0,0
BUTAWA,4595.986706894642,0,0,0,0,0,0,0,0,0,0
BUYE,78823.69810393869,0,0,0,0,1514,757,1625,2542,0,6438
BWAKA,55681.59800267332,0,0,0,0,0,0,0,0,0,0
CAPE HOTTENTOT,174414.295291575,0,0,0,0,0,0,0,0,0,0
CHAAMBA,249703.8502251713,0,0,0,0,0,0,0,0,0,0
CHAGA,6514.441384040232,0,0,0,0,41,20,44,69,0,174
CHAKOSSI,2145.760116647939,0,0,0,0,0,0,0,0,0,0
CHAMBA,9873.772266187816,0,0,4812,6906,0,0,0,0,11718,0
CHEWA,79702.55586253738,0,0,0,8955,41,20,44,69,8955,174
CHIGA,4437.052480397031,0,0,0,0,0,0,0,0,0,0
CHOKWE,223137.554370579,0,0,0,590,0,0,0,0,590,0
CHOPI,12987.04633146026,0,0,0,16358,0,0,0,0,16358,0
CHUABO,46959.7221480023,0,0,0,779,0,0,0,0,779,0
COMORIANS,2063.378337932136,0,0,0,0,0,0,0,0,0,0
CYRENAICANS,17873.12166027106,0,0,0,0,0,0,0,0,0,0
DAFI,6393.601889841683,0,0,0,235,0,0,0,0,235,0
DAGARI,7768.963244530463,0,0,0,2324,0,0,0,0,2324,0
DAGOMBA,21275.44720347441,0,0,1459,0,0,0,0,0,1459,0
DAGU,11989.78480081356,0,0,0,0,0,0,0,0,0,0
DAKA,2301.486442686044,0,0,0,0,0,0,0,0,0,0
DAKHLA,24148.01049367352,0,0,0,0,0,0,0,0,0,0
DAMA,3197.401829245184,0,0,0,0,0,0,0,0,0,0
DAN,9768.259130227249,0,0,273,40,0,0,0,0,313,0
DARASA,10078.62334908695,0,0,0,0,0,0,0,0,0,0
DARI,6159.277656729928,0,0,0,0,0,0,0,0,0,0
DAZA,177194.9935446754,0,0,0,0,0,0,0,0,0,0
DEFORO,4904.498833748829,0,0,0,0,0,0,0,0,0,0
DEKAKIRI,7075.425354186759,0,0,0,0,0,0,0,0,0,0
DELIM,116931.016315652,0,0,0,0,0,0,0,0,0,0
DENDI,5578.609722970307,0,0,0,0,0,0,0,0,0,0
DERA,1508.543567968952,0,0,0,0,0,0,0,0,0,0
DIALONKE,20139.56955481768,0,0,0,0,0,0,0,0,0,0
DIAN,2271.322867133756,0,0,0,157,0,0,0,0,157,0
DIDA,16252.26199057108,0,0,0,0,0,0,0,0,0,0
DIDINGA,9279.667672561603,0,0,0,0,0,0,0,0,0,0
DIGO,5537.617837550829,0,0,0,0,2046,1023,2196,3435,0,8700
DILLING,15406.166261112,0,0,0,0,0,0,0,0,0,0
DINKA,147579.2611623611,0,0,0,0,0,0,0,0,0,0
DIOLA,8564.662915428049,0,0,352,121,0,0,0,0,473,0
DIULA,5126.535681630812,0,0,0,0,0,0,0,0,0,0
DOGON,25268.39604070399,0,0,0,0,0,0,0,0,0,0
DOROBO,3973.194307895614,0,0,0,0,0,0,0,0,0,0
DOROSIE,4620.270092560456,0,0,0,0,0,0,0,0,0,0
DRAWA,14713.32929491033,0,0,0,0,0,0,0,0,0,0
DUAISH,64875.46498734307,0,0,0,6,0,0,0,0,6,0
DUALA,6022.19453597787,0,0,0,5417,0,0,0,0,5417,0
DUI-MENIA,55764.48923147149,0,0,0,0,0,0,0,0,0,0
DUMA,58343.85504947142,0,0,0,1112,0,0,0,0,1112,0
DURU,10952.81490636537,0,0,0,0,0,0,0,0,0,0
DURUMA,2439.36084612515,0,0,0,0,266,133,286,447,0,1132
DZEM,62028.54829205888,0,0,0,0,0,0,0,0,0,0
DZING,11319.06992993673,0,0,0,0,0,0,0,0,0,0
EBRIE,3271.476645722712,0,0,0,36,0,0,0,0,36,0
EDO,14683.09024845902,0,0,10389,2308,0,0,0,0,12697,0
EGBA,28566.58344683461,0,0,0,47,0,0,0,0,47,0
EGEDE,1494.394194321595,0,0,0,0,0,0,0,0,0,0
EGYPTIANS,125518.972114981,0,0,0,0,0,0,0,0,0,0
EKITI,22407.65973743387,0,0,0,0,0,0,0,0,0,0
EKOI,6749.457935718308,0,0,392,1100,0,0,0,0,1492,0
EKONDA,66480.46879773129,0,0,0,118,0,0,0,0,118,0
ESA,45075.51637136846,0,0,0,0,0,0,0,0,0,0
EWE,15942.67769503848,12,60342,494825,45903,0,0,0,0,601082,0
FAJULU,15329.30926200562,0,0,0,0,0,0,0,0,0,0
FALI,3067.225199339444,0,0,0,0,0,0,0,0,0,0
FANG,169050.635294606,0,0,1619,241,0,0,0,0,1860,0
FANG (Cameroon only),,232,5937,0,0,0,0,0,0,6169,0
FANTI,6280.302342917877,0,0,20428,1057,0,0,0,0,21485,0
FANYAN,7330.920508339507,0,0,0,0,0,0,0,0,0,0
FERTIT,16877.86548693337,0,0,0,0,0,0,0,0,0,0
FEZARA,58789.35468913146,0,0,0,0,0,0,0,0,0,0
FEZZAN,144277.9702414044,0,0,0,0,0,0,0,0,0,0
FIA,6711.656395383877,0,0,0,188,0,0,0,0,188,0
FIGIG,13189.23605401358,0,0,0,0,0,0,0,0,0,0
FILALA,17226.98044112893,0,0,0,0,0,0,0,0,0,0
FIPA,13914.98056964021,0,0,0,0,532,266,571,893,0,2262
FON,22676.35825429556,17,85828,703823,65290,0,0,0,0,854958,0
FOUTADJALON,74029.517415407,496,121,9057,18462,0,0,0,0,28136,0
FOUTATORO,52548.72766460432,0,0,26995,1750,0,0,0,0,28745,0
FUNGON,4257.424081753073,0,0,0,0,0,0,0,0,0,0
FUR,56093.45853291681,0,0,0,0,0,0,0,0,0,0
FUT,1628.442730909057,0,0,0,94,0,0,0,0,94,0
GA,1680.910926047111,0,0,0,0,0,0,0,0,0,0
GAALIIN,59193.70900595701,0,0,0,0,0,0,0,0,0,0
GABERI,9968.117516263455,0,0,0,0,0,0,0,0,0,0
GADAMES,8773.232123370864,0,0,0,0,0,0,0,0,0,0
GAFSA,3516.715330514571,0,0,0,0,0,0,0,0,0,0
GAGU,3025.614573026014,0,0,0,0,0,0,0,0,0,0
GALIM,1553.716472349858,0,0,0,0,0,0,0,0,0,0
GAN,3023.756026838714,0,0,0,0,0,0,0,0,0,0
GANDA,43291.27838375982,0,0,0,877,818,409,878,1374,877,3479
GBANDE,7212.406068587801,0,0,0,57,0,0,0,0,57,0
GBARI,30784.91180181955,0,0,980,415,0,0,0,0,1395,0
GERAWA,10250.95740358709,0,0,0,0,0,0,0,0,0,0
GERI,9841.309625027347,0,0,0,0,0,0,0,0,0,0
GIBE,14628.92804574135,0,0,0,0,0,0,0,0,0,0
GIL,40388.40883756306,0,0,0,0,0,0,0,0,0,0
GILI,1918.395470784666,0,0,0,0,0,0,0,0,0,0
GIMIRA,7779.257922647528,0,0,0,0,0,0,0,0,0,0
GIMMA,20966.04526009124,0,0,0,0,0,0,0,0,0,0
GIRYAMA,,0,0,0,0,184,92,198,309,0,783
GISIGA,5800.102870578579,0,0,0,0,0,0,0,0,0,0
GISU,3714.041698007975,0,0,0,0,0,0,0,0,0,0
GOBU,8932.224609616071,0,0,0,0,0,0,0,0,0,0
GOGO,33340.36831853002,0,0,0,0,532,266,571,893,0,2262
GOLA,8882.865006593765,0,0,544,1371,0,0,0,0,1915,0
GOMANI,10401.34121610943,0,0,0,0,0,0,0,0,0,0
GOROA,3783.84367403119,0,0,0,0,0,0,0,0,0,0
GOSHA,4179.286486924449,0,0,0,0,0,0,0,0,0,0
GREBO,10111.01267074232,0,0,0,0,0,0,0,0,0,0
GRUNSHI,13593.7366656263,0,0,0,1191,0,0,0,0,1191,0
GUANCHE,7508.77047870608,0,0,0,0,0,0,0,0,0,0
GUANG,32701.41008738195,0,0,106516,0,0,0,0,0,106516,0
GUDE,5074.865223361596,0,0,12236,377,0,0,0,0,12613,0
GUIN,5493.407638925229,0,0,0,0,0,0,0,0,0,0
GULA,36228.89546801612,0,0,0,34,0,0,0,0,34,0
GULE,11178.42246577903,0,0,0,0,0,0,0,0,0,0
GUMUZ,21260.98252153284,0,0,0,0,0,0,0,0,0,0
GUN,2755.920735277058,41,69693,0,0,0,0,0,0,69734,0
GURAGE,11926.43692052129,0,0,0,0,0,0,0,0,0,0
GURENSI,6674.053902015748,0,0,0,0,0,0,0,0,0,0
GURMA,55168.5732502129,0,0,156630,1020,0,0,0,0,157650,0
GURO,18632.90251868927,0,0,0,0,0,0,0,0,0,0
GUSII,8817.91545654931,0,0,0,0,0,0,0,0,0,0
GWANDARA,6733.820055639422,0,0,0,0,0,0,0,0,0,0
GYRIAMA,6168.820637808236,0,0,0,0,0,0,0,0,0,0
HA,32054.43102938816,0,0,0,0,184,92,198,309,0,783
HABBANIA,93229.17695471161,0,0,0,0,0,0,0,0,0,0
HADENDOWA,99730.0090510364,0,0,0,0,0,0,0,0,0,0
HADIMU,1592.3322722585,0,0,0,0,10085,5042,10827,16935,0,42889
HAMAMA,41691.8490071529,0,0,0,0,0,0,0,0,0,0
HAMAR,42804.28721895425,0,0,0,0,0,0,0,0,0,0
HAMYAN,109327.8037741435,0,0,0,0,0,0,0,0,0,0
HARARI,2617.948486442064,0,0,0,0,0,0,0,0,0,0
HASANIA,12447.6683802629,0,0,0,0,0,0,0,0,0,0
HAUSA,134902.3545302901,0,0,106241,24307,0,0,0,0,130548,0
HAWIYA,110700.7958417262,0,0,0,0,0,0,0,0,0,0
HAYA,13708.15433500284,0,0,0,0,0,0,0,0,0,0
HEHE,33651.6288081005,0,0,0,0,941,470,1010,1580,0,4001
HEIKUM,60903.49749032147,0,0,0,0,0,0,0,0,0,0
HEMAT,43430.35911680274,0,0,0,0,0,0,0,0,0,0
HERERO,268671.8232263768,0,0,0,0,0,0,0,0,0,0
HIECHWARE,95816.4148952089,0,0,0,0,0,0,0,0,0,0
HLENGWE,131671.7235612555,0,0,0,0,0,0,0,0,0,0
HOLO,11802.32997527928,0,0,0,197,0,0,0,0,197,0
HOLOHOLO,7937.038571720463,0,0,0,0,61,31,66,103,0,261
HUNDE,18283.6130434182,0,0,0,0,0,0,0,0,0,0
HURUTSHE,36090.67546465627,0,0,0,0,0,0,0,0,0,0
IBIBIO,8321.927162333075,0,0,27638,21170,0,0,0,0,48808,0
IBO,35883.77754557318,16,39141,253253,108752,0,0,0,0,401162,0
IDIO,1357.115640945036,0,0,0,0,0,0,0,0,0,0
IDOMA,8039.785703534521,0,0,0,0,0,0,0,0,0,0
IFE,5414.013457930613,0,0,0,36,0,0,0,0,36,0
IFORA,90489.11096002147,0,0,0,0,0,0,0,0,0,0
IGALA,9880.509485359808,0,0,0,0,0,0,0,0,0,0
IGBIRA,6377.0543143539,0,0,0,631,0,0,0,0,631,0
IJAW,15705.42171439194,41,1243,20582,5572,0,0,0,0,27438,0
IJEBU,7417.975803114942,0,0,0,0,0,0,0,0,0,0
IKASA,4915.528858310794,0,0,0,0,0,0,0,0,0,0
ILA,28946.32048165659,0,0,0,0,0,0,0,0,0,0
IMRAGEN,44287.27231310361,0,0,0,0,0,0,0,0,0,0
INGASSANA,7308.190773313389,0,0,0,0,0,0,0,0,0,0
IRAMBA,9766.594123437791,0,0,0,0,0,0,0,0,0,0
IRAQW,9635.404014880025,0,0,0,0,0,0,0,0,0,0
ISHAAK,117806.9513625704,0,0,0,0,0,0,0,0,0,0
ISOKO,4750.684924802004,41,0,196,108,0,0,0,0,345,0
ITSEKIRI,4417.567649805997,0,0,0,0,0,0,0,0,0,0
ITTU,35799.38559042598,0,0,0,0,3,2,3,5,0,13
IWA,13112.32148360566,0,0,0,0,0,0,0,0,0,0
IYALA,3041.441173380343,0,0,0,18,0,0,0,0,18,0
JALO,15383.27775321393,0,0,0,0,0,0,0,0,0,0
JANJERO,4094.036727989906,0,0,0,0,0,0,0,0,0,0
JARAWA,5891.560003388304,0,0,0,18,0,0,0,0,18,0
JEBALA,16726.98108807165,0,0,0,0,0,0,0,0,0,0
JEN,1475.876888608266,0,0,0,72,0,0,0,0,72,0
"JERAWA, CHAWAI (SW)",2752.613182250765,0,0,196,0,0,0,0,0,196,0
JERBA,515.6112442975052,0,0,0,0,0,0,0,0,0,0
JERID,14842.52945013962,0,0,0,0,0,0,0,0,0,0
JIBU,4561.606915576252,0,0,0,0,0,0,0,0,0,0
JIE,10853.6531155617,0,0,0,0,0,0,0,0,0,0
JOFRA,54759.019788763,0,0,0,0,0,0,0,0,0,0
JUKUN,22423.23350597367,0,0,0,162,0,0,0,0,162,0
JUR,8155.4196849827,0,0,0,0,0,0,0,0,0,0
KABABISH,209995.9397654046,0,0,0,0,0,0,0,0,0,0
KABRE,5798.27788613657,0,0,0,406,0,0,0,0,406,0
KABYLE,9897.435361956048,0,0,0,0,0,0,0,0,0,0
KADARA,5406.217322666816,0,0,196,0,0,0,0,0,196,0
KAFA,13491.49648827765,0,0,0,0,0,0,0,0,0,0
KAGORO,15552.23076307117,0,0,0,0,0,0,0,0,0,0
KAKA,14362.78314741751,0,0,0,2259,0,0,0,0,2259,0
KALAI,10865.84188089377,0,0,0,6386,0,0,0,0,6386,0
KAM,1537.009693711336,0,0,0,0,0,0,0,0,0,0
KAMBA,45157.02261881097,0,0,0,553,491,245,527,824,553,2087
KAMBATA,9605.709787427268,0,0,0,0,0,0,0,0,0,0
KAMBERI,15553.21231503729,0,0,0,270,0,0,0,0,270,0
KAMIR,7917.985482863082,0,0,0,0,0,0,0,0,0,0
KAMUKU,10223.21010158423,0,0,0,18,0,0,0,0,18,0
KANEMBU,26476.25743699511,0,0,0,28,0,0,0,0,28,0
KANURI,48247.04656989376,0,0,392,1803,0,0,0,0,2195,0
KAONDE,87488.6261310329,0,0,0,2814,0,0,0,0,2814,0
KAPSIKI,2984.984724176891,0,0,0,0,0,0,0,0,0,0
KARA,46872.0011258895,0,0,0,0,61,31,66,103,0,261
KARABORO,2980.170593010067,0,0,0,0,0,0,0,0,0,0
KARAMOJONG,15051.8611981466,0,0,0,0,0,0,0,0,0,0
KARANGA,63988.94473807144,0,0,553,0,0,0,0,0,553,0
KARE,10733.25629217796,0,0,0,0,0,0,0,0,0,0
KAREKARE,4264.293998902598,0,0,0,36,0,0,0,0,36,0
KASONKE,22069.27714093627,0,0,0,106,0,0,0,0,106,0
KATAB,5502.429982672743,0,0,196,90,0,0,0,0,286,0
KATLA,1653.214999331274,0,0,0,0,0,0,0,0,0,0
KAWAR,104193.0476163103,0,0,0,0,0,0,0,0,0,0
KEBU,1602.26431141491,0,0,0,0,0,0,0,0,0,0
KELA,41957.75183063187,0,0,0,0,0,0,0,0,0,0
KEMANT,5355.641751795895,0,0,0,0,0,0,0,0,0,0
KENGA,11843.80024465279,0,0,0,0,0,0,0,0,0,0
KENTU,2576.081327916552,0,0,0,0,0,0,0,0,0,0
KEPERE,9003.415783727056,0,0,0,0,0,0,0,0,0,0
KERARISH,75710.38548568703,0,0,0,0,0,0,0,0,0,0
KEREWE,720.668947069568,0,0,0,0,0,0,0,0,0,0
KEYU,3472.183971803264,0,0,0,0,0,0,0,0,0,0
KGALAGADI,128539.5891720217,0,0,0,0,0,0,0,0,0,0
KGATLA,33877.97988925598,0,0,0,0,0,0,0,0,0,0
KHARGA,67824.61910619168,0,0,0,0,0,0,0,0,0,0
KIKUYU,15321.10083360929,0,0,0,0,41,20,44,69,0,174
KILINGA,6666.036947679089,0,0,0,145,0,0,0,0,145,0
KIMBU,29219.68494167128,0,0,0,0,41,20,44,69,0,174
KIMBUNDU,81511.10417126383,189,16808,303,50733,0,0,0,0,68033,0
KIMR,5382.425831708907,0,0,0,0,0,0,0,0,0,0
KINDIGA,4104.402143939355,0,0,0,0,0,0,0,0,0,0
KINGA,8618.402154099298,0,0,0,0,491,245,527,824,0,2087
KIPSIGI,5729.412713085756,0,0,0,0,0,0,0,0,0,0
KISAMA,9935.03079875209,0,525,0,5506,0,0,0,0,6031,0
KISI,4382.676429122827,0,0,0,585,82,41,88,137,585,348
KISSI,9744.227715818388,0,0,57508,5126,0,0,0,0,62634,0
KITA,12000.37843663098,0,0,0,0,0,0,0,0,0,0
KOALIB,16412.60150758305,0,0,0,0,0,0,0,0,0,0
KOBA,19014.94283585153,0,0,0,0,0,0,0,0,0,0
KOKO,16087.27899095872,0,0,3059,94,0,0,0,0,3153,0
KOM,1761.798948930199,0,0,0,0,0,0,0,0,0,0
KOMA,15090.18716226514,0,0,0,0,0,0,0,0,0,0
KOMONO,4340.338459549914,0,0,0,0,0,0,0,0,0,0
KONA,2726.567116511123,0,0,0,0,0,0,0,0,0,0
KONGO,126510.0467530227,33299,249221,1917561,1638872,0,0,0,0,3838953,0
KONJO,17700.35861782149,0,0,0,0,0,0,0,0,0,0
KONKOMBA,5919.996956229012,0,0,126357,11934,0,0,0,0,138291,0
KONO,5796.510042717314,0,0,0,400,0,0,0,0,400,0
KONONGO,22744.92756765327,0,0,0,0,20,10,22,34,0,86
KONSO,9254.238454489257,0,0,0,0,0,0,0,0,0,0
KONYANKE,22540.89659611984,0,0,0,0,0,0,0,0,0,0
KORANA,33320.09650803979,0,0,0,0,0,0,0,0,0,0
KORANKO,20592.33686133683,0,0,2629,547,0,0,0,0,3176,0
KOREKORE,63266.94588533079,0,0,0,0,0,0,0,0,0,0
KORO,3786.811478928231,0,0,0,72,0,0,0,0,72,0
KOROCA,27948.72006343821,0,0,0,0,0,0,0,0,0,0
KOSSI,7124.839086280315,0,0,0,282,0,0,0,0,282,0
KOTA,74848.88164502068,0,0,0,3100,0,0,0,0,3100,0
KOTOKO,7310.355677996166,0,0,0,0,0,0,0,0,0,0
KOTOPO,4718.603854868765,0,0,0,0,0,0,0,0,0,0
KOYAM,5094.384132032464,0,0,0,0,0,0,0,0,0,0
KPE,3897.135217769581,0,0,0,188,0,0,0,0,188,0
KPELLE,15035.80947593155,0,0,0,675,0,0,0,0,675,0
KRACHI,6787.156467311424,0,0,0,0,0,0,0,0,0,0
KRAN,9491.328691747523,0,0,0,0,0,0,0,0,0,0
KREDA,76705.44665667901,0,0,0,0,0,0,0,0,0,0
KREISH,41615.33657529817,0,0,0,0,0,0,0,0,0,0
KRU,10453.54496190574,0,0,0,114,0,0,0,0,114,0
KUBA,30902.2193956329,0,0,0,0,0,0,0,0,0,0
KUFRA,100060.9790627798,0,0,0,0,0,0,0,0,0,0
KUKU,2912.141967974567,0,0,0,0,0,0,0,0,0,0
KUKURUKU,6257.957363182004,0,0,0,541,0,0,0,0,541,0
KULANGO,23444.13154115964,0,0,0,0,0,0,0,0,0,0
KUMU,60750.58811343812,0,0,0,0,0,0,0,0,0,0
KUN,4910.074730477999,0,0,0,0,0,0,0,0,0,0
KUNAMA,5812.117803281195,0,0,0,0,0,0,0,0,0,0
KUNDA,49018.48462723209,0,0,0,0,0,0,0,0,0,0
KUNDU,7203.606006861021,0,0,0,1224,0,0,0,0,1224,0
KUNG,98768.2277927306,0,0,0,0,0,0,0,0,0,0
KUNTA,221378.228836221,0,0,0,0,0,0,0,0,0,0
KUNYI,17275.29481092482,0,0,0,2848,0,0,0,0,2848,0
"KURAMA, GURE (NE)",3360.403222937505,0,0,0,0,0,0,0,0,0,0
KURFEI,6499.823953129703,0,0,0,0,0,0,0,0,0,0
KUTSHU,47004.94384599751,0,0,0,118,0,0,0,0,118,0
KWANGARE,50392.59946427847,0,0,0,0,0,0,0,0,0,0
KWENA,18402.13213018079,0,0,0,0,0,0,0,0,0,0
KWERE,6082.333483141545,0,0,0,0,123,61,132,206,0,522
KWESE,6418.297396528517,0,0,0,235,0,0,0,0,235,0
LABWOR,2622.722687737568,0,0,0,0,0,0,0,0,0,0
LAGUAT,7124.245215500182,0,0,0,0,0,0,0,0,0,0
LAKA (ADAMAWA,26535.36707124744,0,0,0,0,0,0,0,0,0,0
LAKA (NDEBELE),14419.3915710881,0,0,0,0,0,0,0,0,0,0
LALA,41679.04287781899,0,364,0,1126,0,0,0,0,1490,0
LAMBA,90875.9733254802,0,0,0,563,0,0,0,0,563,0
LAMBYA,5429.480775498816,0,0,0,0,0,0,0,0,0,0
LANDUMA,2509.719516841408,366,0,0,57,0,0,0,0,423,0
LANGO,14826.03720850369,0,0,0,0,0,0,0,0,0,0
LELE,17017.89567314499,0,0,0,0,0,0,0,0,0,0
LENDU,8168.815640476157,0,0,0,0,0,0,0,0,0,0
LENGOLA,18712.16288298151,0,0,0,0,0,0,0,0,0,0
LENJE,35339.79974204433,0,0,0,0,0,0,0,0,0,0
LESE,12365.56051702213,0,0,0,0,0,0,0,0,0,0
LI,996.3831595334054,0,0,0,94,0,0,0,0,94,0
"LIGBI, DEGHA (SE)",2398.238328066309,0,0,0,0,0,0,0,0,0,0
LIKA,3974.739611126865,0,0,0,0,0,0,0,0,0,0
LILSE,4766.365230369168,0,0,0,0,0,0,0,0,0,0
LIMBA,5425.821340481511,0,0,5037,1200,0,0,0,0,6237,0
LIPTAKO,14090.35454376189,0,0,0,0,0,0,0,0,0,0
LISI,29389.25436891702,0,0,0,18,0,0,0,0,18,0
LOBI,12635.25581771896,0,0,0,0,0,0,0,0,0,0
LOGO,16586.42424062623,0,0,0,0,0,0,0,0,0,0
LOKELE,9076.2912411171,0,0,0,0,0,0,0,0,0,0
LOKO,2552.963481425661,0,0,0,457,0,0,0,0,457,0
LOMWE,101596.2744397529,0,0,0,1558,41,20,44,69,1558,174
LONGUDA,1525.048459801186,0,0,0,0,0,0,0,0,0,0
LOTUKO,15811.2757172066,0,0,0,0,0,0,0,0,0,0
LOVEDU,15098.71761130475,0,0,0,0,20,10,22,34,0,86
LOZI,44762.34355076246,0,0,0,0,0,0,0,0,0,0
LUAPULA,13576.08886728328,0,0,0,0,0,0,0,0,0,0
LUBA,192429.9085048238,0,0,450,0,0,0,0,0,450,0
LUCHAZI,37361.96537548412,0,0,0,0,0,0,0,0,0,0
LUGBARA,8444.201980505228,0,0,0,0,0,0,0,0,0,0
LUGURU,16215.6040451935,0,0,0,0,6014,3007,6457,10099,0,25577
LUIMBE,20834.59414442201,0,0,0,0,0,0,0,0,0,0
LUKOKWE,11291.017474219,0,0,0,0,0,0,0,0,0,0
LULUA,46472.6344286372,0,0,0,0,0,0,0,0,0,0
LUMBO,42584.41346858414,0,0,0,4883,0,0,0,0,4883,0
LUNDA,39525.65030395737,0,0,0,470,0,0,0,0,470,0
LUNGU,30883.18394820574,0,0,0,0,0,0,0,0,0,0
LUO,11105.89441548062,0,0,0,0,102,51,110,172,0,435
LUPOLO,26934.45985302472,0,78786,9783,54272,0,0,0,0,142841,0
LUVALE,73095.05894605401,0,0,0,1376,0,0,0,0,1376,0
LUWA,15451.15664123198,0,0,225,118,0,0,0,0,343,0
MAAZA,81725.90089012899,0,0,0,0,0,0,0,0,0,0
MABA,55704.95732161879,0,63,0,13,0,0,0,0,76,0
MACHA,44919.69409316113,0,0,0,0,4,2,4,7,0,17
MADA,7604.489695000472,0,0,0,0,0,0,0,0,0,0
MADI,12194.49690366488,0,0,0,0,0,0,0,0,0,0
MAGUZAWA,12374.98749493979,0,0,0,0,0,0,0,0,0,0
MAGWANGARA,28403.40322927892,0,0,0,0,6382,3191,6852,10717,0,27142
MAHAFALY,15795.92603785843,0,341,294,2095,0,0,1205,1161,2730,2366
MAHAMID,30903.82941279353,0,0,0,0,0,0,0,0,0,0
MAKA,11539.66740922452,0,0,0,0,0,0,0,0,0,0
MAKERE,12308.35951340776,0,0,0,118,0,0,0,0,118,0
MAKONDE,31481.27189071919,0,0,6911,966,2230,1115,2394,3744,7877,9483
MAKUA,144327.8151128413,0,0,49574,137099,8530,4265,9158,14324,186673,36277
MALINKE,257505.4843657946,6449,12709,306441,140529,0,0,0,0,466128,0
MAMA,1497.117342701041,0,0,0,0,0,0,0,0,0,0
MAMBILA,6385.158529228316,0,0,0,112,0,0,0,0,112,0
MAMPRUSI,5577.711989311655,0,0,0,0,0,0,0,0,0,0
MAMVU,11504.71345389438,0,0,675,0,0,0,0,0,675,0
MANALA,14118.18643857403,0,0,0,0,0,0,0,0,0,0
MANDARA,4741.793041582339,0,0,0,0,0,0,0,0,0,0
MANDJA,37282.0407468024,0,0,0,0,0,0,0,0,0,0
MANGA,25188.65247333532,3,0,0,71,0,0,0,0,74,0
MANGBETU,6313.059122656305,0,0,0,0,0,0,0,0,0,0
MANYIKA,32680.777789325,0,0,0,0,205,102,220,344,0,871
MAO,8786.06708138342,0,0,0,0,0,0,0,0,0,0
MARGI,5565.121945983966,0,0,0,0,0,0,0,0,0,0
MASA,10658.38821373097,0,0,0,0,0,0,0,0,0,0
MASAI,101296.0104990548,0,0,0,0,266,133,286,447,0,1132
MASALIT,15402.23032894695,0,0,0,0,0,0,0,0,0,0
MASHASHA,18779.81157184917,0,0,0,0,0,0,0,0,0,0
MASHI,25248.38609788279,0,0,0,0,0,0,0,0,0,0
MASINA,56306.28956617703,0,0,0,35,0,0,0,0,35,0
MASONGO,5150.418391691307,0,0,0,0,0,0,0,0,0,0
MATAKAM,2584.796452611018,0,0,0,0,0,0,0,0,0,0
MATENGO,5749.028606594939,0,0,0,0,20,10,22,34,0,86
MATMATA,2174.19061530686,0,0,0,0,0,0,0,0,0,0
MATUMBI,4407.421934204569,0,0,0,0,1064,532,1142,1786,0,4524
MAURI,5919.136054434422,0,0,0,0,0,0,0,0,0,0
"MAYOGO, BADJO (NE)",3907.853376267612,0,0,0,0,0,0,0,0,0,0
MBAE,5867.700614437998,0,0,0,0,41,20,44,69,0,174
MBAGANI,26479.35053907457,0,0,0,0,0,0,0,0,0,0
MBALA,19865.54255152864,0,0,0,0,0,0,0,0,0,0
MBANGALA,35431.43199831987,0,0,0,1376,0,0,0,0,1376,0
MBEMBE,2022.786783894948,41,0,0,17996,0,0,0,0,18037,0
MBERE,18905.11692956533,0,0,0,0,0,0,0,0,0,0
MBESA,5841.027288284447,0,0,0,118,0,0,0,0,118,0
MBOLE,39834.81206572233,0,0,0,0,0,0,0,0,0,0
MBUBULA,957.9491093838772,0,0,0,0,0,0,0,0,0,0
MBUGU,1698.653041499978,0,0,0,0,0,0,0,0,0,0
MBUGWE,2502.181032514537,0,0,0,0,0,0,0,0,0,0
MBUKUSHU,57076.53316960604,0,0,0,0,0,0,0,0,0,0
MBUM,21871.41421579699,0,0,0,0,0,0,0,0,0,0
MBUNDA,49546.37000417277,0,0,0,0,0,0,0,0,0,0
MBUNDU,97244.90802097916,0,0,28184,58008,0,0,0,0,86192,0
MBUNGA,12708.5353929446,0,0,0,0,0,0,0,0,0,0
MBWELA,81546.56895356845,0,0,0,787,0,0,0,0,787,0
MEBAN,22749.3431746087,0,0,0,0,0,0,0,0,0,0
MEDJI,5279.933941270574,0,0,0,0,0,0,0,0,0,0
MEKYIBO,1075.985681516096,0,0,0,0,0,0,0,0,0,0
MENASSER,2105.810624614892,0,0,0,0,0,0,0,0,0,0
MENDE,22926.25797706226,0,0,2159,9311,0,0,0,0,11470,0
MERARIT,13198.94374581108,0,0,0,0,0,0,0,0,0,0
MERINA,90563.05893031294,0,1953,1683,12009,0,0,6906,6659,15645,13565
MERU,15612.16928637642,0,0,0,0,20,10,22,34,0,86
MESSIRIA,48650.49205186799,0,0,0,0,0,0,0,0,0,0
MIDOBI,11544.97773788711,0,0,0,0,0,0,0,0,0,0
MIJERTEIN,201265.2745199208,0,0,0,0,0,0,0,0,0,0
MIMI,6844.507810333542,0,0,0,0,0,0,0,0,0,0
MINIANKA,44156.93355415139,0,0,0,35,0,0,0,0,35,0
MITTU,25026.41310337261,0,0,0,0,0,0,0,0,0,0
MITUKU,11546.85762590218,0,0,0,0,0,0,0,0,0,0
MOBA,4343.525448460432,0,0,0,0,0,0,0,0,0,0
MOBER,3235.916341527653,0,0,0,0,0,0,0,0,0,0
MOMBERA,10411.83502724855,0,0,0,0,0,0,0,0,0,0
MONDARI,11513.92804620339,0,0,0,0,0,0,0,0,0,0
MONGO,42201.88254755034,0,0,0,118,0,0,0,0,118,0
MOROCCANS,71193.93452150753,0,0,0,0,0,0,0,0,0,0
MORU,10128.0202142521,0,0,0,0,0,0,0,0,0,0
MOSSI,66849.67183337554,0,0,517,157,0,0,0,0,674,0
MPEZENI,8209.286716453325,0,0,0,0,0,0,0,0,0,0
MPONGWE,17925.76592548825,0,589,0,4883,0,0,0,0,5472,0
MUBI,9759.429207152734,0,0,0,0,0,0,0,0,0,0
MUM,6138.168007388031,0,0,3059,188,0,0,0,0,3247,0
MUMUYE,5355.374376558411,0,0,588,18,0,0,0,0,606,0
MUNDANG,11645.16798104455,0,0,0,0,0,0,0,0,0,0
MUNDU,7727.778249991927,0,0,222,671,0,0,0,0,893,0
MURLE,45089.70903106167,0,0,0,0,0,0,0,0,0,0
MUSGU,7596.045818052563,0,0,0,0,0,0,0,0,0,0
MWERA,21323.25350008005,0,0,0,0,2271,1135,2438,3813,0,9657
MZAB,30353.2710115707,0,0,0,0,0,0,0,0,0,0
NAFANA,1890.399983978169,0,0,0,0,0,0,0,0,0,0
NAIL,32243.40663226289,0,0,0,0,0,0,0,0,0,0
NAJI,4081.785228010869,0,0,0,0,0,0,0,0,0,0
NALU,2316.900147517538,2740,3975,1272,577,0,0,0,0,8564,0
NAMA,264068.746041427,0,0,0,0,0,0,0,0,0,0
NAMIB,49838.35262724818,0,0,0,0,0,0,0,0,0,0
NAMSHI,5067.417269691252,0,0,0,0,0,0,0,0,0,0
NANDI,7067.45530023775,0,0,0,0,0,0,0,0,0,0
NARON,49116.32460160584,0,0,0,0,0,0,0,0,0,0
NAUDEBA,1182.800755026678,0,0,0,0,0,0,0,0,0,0
NDAKA,28411.53394932654,0,0,0,0,0,0,0,0,0,0
NDAMBA,4473.288838620309,0,0,0,0,409,205,439,687,0,1740
NDAU,63413.29221989463,0,0,0,0,61,31,66,103,0,261
NDEBELE,94306.88314898053,0,0,0,0,0,0,0,0,0,0
NDEMBU,104568.1489996058,0,0,0,393,0,0,0,0,393,0
NDOB,2329.776412293529,0,0,0,3200,0,0,0,0,3200,0
NDOGO,72774.03276310569,0,0,0,197,0,0,0,0,197,0
NDOKO,22569.87122533126,0,0,0,0,0,0,0,0,0,0
NDOMBE,41661.29275918072,0,0,0,3736,0,0,0,0,3736,0
NDORO,1761.654203146663,0,0,0,0,0,0,0,0,0,0
NDUKA,43244.6346143776,0,0,0,0,0,0,0,0,0,0
NEFUSA,14209.04840976727,0,0,0,0,0,0,0,0,0,0
NEN,3946.075040808479,0,0,0,659,0,0,0,0,659,0
NGALA,49938.47695169563,0,0,0,549,0,0,0,0,549,0
NGAMA,13583.7493786738,0,0,0,0,0,0,0,0,0,0
NGANDU,54071.91568499156,0,0,0,0,0,0,0,0,0,0
NGBANDI,27660.72440359185,0,0,0,588,0,0,0,0,588,0
NGBELE,2481.279982327985,0,0,0,0,0,0,0,0,0,0
NGE,1955.113397024988,0,0,0,0,0,0,0,0,0,0
NGERE,26654.9228717165,0,0,359,155,0,0,0,0,514,0
NGINDO,51769.60327914833,0,0,0,0,17715,8858,19019,29748,0,75340
NGIZIM,7995.495731222037,0,0,0,36,0,0,0,0,36,0
NGOMBE,12679.40999404665,0,0,225,235,0,0,0,0,460,0
NGONGO,3274.812511093109,0,0,0,0,0,0,0,0,0,0
NGONI,,0,0,0,0,82,41,88,137,0,348
NGONYELU,64363.22721478184,0,0,0,393,0,0,0,0,393,0
NGUMBA,14459.1137898665,0,0,0,0,0,0,0,0,0,0
NGUMBE,34346.35607506386,0,0,0,6096,0,0,0,0,6096,0
NGURU,10951.89875677468,0,0,0,0,859,430,922,1443,0,3654
NGWAKETSE,15953.98834742454,0,0,0,0,0,0,0,0,0,0
NGWATO,63458.36555776451,0,0,0,0,0,0,0,0,0,0
NKOLE,16265.24943938532,0,0,0,0,0,0,0,0,0,0
NKOYA,14901.12214745872,0,0,0,0,0,0,0,0,0,0
NKUNDO,32311.56425487837,0,0,0,0,0,0,0,0,0,0
NONO,2873.623238959997,0,0,0,0,0,0,0,0,0,0
NSAW,2282.313822381972,0,0,0,471,0,0,0,0,471,0
NSENGA,16886.88473267362,0,0,0,0,20,10,22,34,0,86
NSUNGLI,2018.723403153553,0,0,0,0,0,0,0,0,0,0
NUBIAN,,0,0,0,0,41,20,44,69,0,174
NUER,74667.77868097785,0,0,0,0,0,0,0,0,0,0
NUKWE,20525.15261539054,0,0,0,0,0,0,0,0,0,0
NUNUMA,13614.28221948004,0,0,0,0,0,0,0,0,0,0
NUPE,25359.81832093206,318,0,50768,7465,0,0,0,0,58551,0
NUSAN,141845.9048581479,0,0,0,0,0,0,0,0,0,0
NYAKYUSA,7858.997531451369,0,0,0,0,2455,1227,2635,4122,0,10439
NYAMWEZI,88221.89811584949,0,0,0,0,13501,6751,14495,22672,0,57419
NYANEKA,42749.10413678944,0,0,0,0,0,0,0,0,0,0
NYANGIYA,2109.785540037931,0,0,0,0,0,0,0,0,0,0
NYANJA,23911.71549766713,0,0,0,82781,511,256,549,859,82781,2175
NYARI,4269.551661441806,0,0,0,0,0,0,0,0,0,0
NYASA,13383.2158852227,0,0,0,0,30848,15424,33119,51801,0,131192
NYIMA,3681.780255207738,0,0,0,0,0,0,0,0,0,0
NYORO,13800.21927962535,0,0,0,0,0,0,0,0,0,0
NZANKARA,10774.40411062941,0,0,0,0,0,0,0,0,0,0
ODODOP,2079.074563814374,0,0,0,0,0,0,0,0,0,0
OGADEN,174514.3369164398,0,0,0,0,0,0,0,0,0,0
OHEKWE,105762.5270077542,0,0,0,0,0,0,0,0,0,0
OKORO,19801.01846114757,0,0,0,0,0,0,0,0,0,0
OMETO,25680.16388889703,0,0,0,0,0,0,0,0,0,0
ORRI,2406.527046484068,0,0,0,0,0,0,0,0,0,0
PADANG,30218.34160825299,0,0,0,0,0,0,0,0,0,0
PANDE,19187.22594534343,0,0,0,0,0,0,0,0,0,0
PARE,7086.41252298166,0,0,0,0,675,338,725,1134,0,2872
PARI,2741.917742472623,0,0,0,0,0,0,0,0,0,0
PEDI,66744.17298267067,0,0,0,0,0,0,0,0,0,0
PEMBA,941.023749122179,0,0,0,0,205,102,220,344,0,871
PENDE,18277.51220657038,0,0,0,0,0,0,0,0,0,0
PEPEL,4015.28710461639,9141,16321,1982,1326,0,0,0,0,28770,0
PIMBWE,9978.34171471541,0,0,0,0,0,0,0,0,0,0
PODOKWO,1078.5261335231,0,0,0,0,0,0,0,0,0,0
POGORO,9736.575723947826,0,0,0,0,20,10,22,34,0,86
POKOMO,11930.15943440859,0,0,0,0,20,10,22,34,0,86
PONDO,11578.95831654805,0,0,0,0,0,0,0,0,0,0
POPO,1771.119303764744,0,25422,2915,47045,0,0,0,0,75382,0
POPOI,5391.542664677778,0,0,0,0,0,0,0,0,0,0
POTO,9118.878169995465,0,590,59365,2822,0,0,0,0,62777,0
PUKU,10236.75794548906,0,0,0,0,0,0,0,0,0,0
RANGI,4341.906481501055,0,0,0,0,0,0,0,0,0,0
REGA,62703.81077942262,0,0,0,0,0,0,0,0,0,0
REGEIBAT,354377.3240707411,0,0,0,0,0,0,0,0,0,0
RENDILE,26284.71806100318,0,0,0,0,2,1,2,4,0,9
RESHE,3314.719663693636,0,0,0,0,0,0,0,0,0,0
RESHIAT,12491.97048643715,0,0,0,0,0,0,0,0,0,0
RIBI,,0,0,0,0,20,10,22,34,0,86
RIF,20280.25316239339,0,0,0,0,0,0,0,0,0,0
RIYAH,251032.6805435198,0,0,0,0,0,0,0,0,0,0
ROLONG,69140.45715660347,0,0,0,0,0,0,0,0,0,0
RONGA,21154.36615076553,0,0,0,0,0,0,0,0,0,0
RUANDA,23205.95071929094,0,0,0,0,0,0,0,0,0,0
RUARHA,7383.656164770802,0,0,0,0,0,0,0,0,0,0
RUFFA,68005.64582483366,0,0,0,0,0,0,0,0,0,0
RUMBI,10547.1881691145,0,0,0,118,0,0,0,0,118,0
RUNDI,31092.88272401698,0,0,0,0,20,10,22,34,0,86
RUNGA,50775.51935733462,0,0,0,0,0,0,0,0,0,0
SAADI,171706.195568438,0,0,0,0,0,0,0,0,0,0
SAB,111105.5739831558,0,0,0,0,0,0,0,0,0,0
SABEI,3274.554774100427,0,0,0,0,0,0,0,0,0,0
SAFWA,13951.73085284522,0,0,0,0,0,0,0,0,0,0
SAGARA,17434.31001588991,0,0,0,0,10228,5114,10981,17175,0,43498
SAHEL,10927.67776153281,0,0,0,0,0,0,0,0,0,0
SAHO,10523.81723264181,0,0,0,0,0,0,0,0,0,0
SAKALAVA,205705.044899296,0,4436,3823,27276,0,0,15687,15125,35535,30812
SAKATA,34583.03195385142,0,0,0,588,20,10,22,34,588,86
SALA,38537.36654017598,0,0,0,0,0,0,0,0,0,0
SAMBURU,43156.86187275476,0,0,0,0,0,0,0,0,0,0
SAMO,8176.136920071966,0,0,0,0,0,0,0,0,0,0
SANDAWE,6676.654506997004,0,0,0,0,0,0,0,0,0,0
SANGA,53669.01708735405,0,0,2434,5909,0,0,0,0,8343,0
SANGU,17296.0951758755,0,0,0,0,0,0,0,0,0,0
SANUSI,193377.5232643866,0,0,0,0,0,0,0,0,0,0
SANYE,30466.79146362313,0,0,0,0,0,0,0,0,0,0
SAPO,6706.692527199602,0,0,0,0,0,0,0,0,0,0
SEGEJU,10841.16126185293,0,0,0,0,164,82,176,275,0,697
SEKE,7678.870783917719,0,0,0,1392,0,0,0,0,1392,0
SELE,16598.5828864433,0,0,0,2753,0,0,0,0,2753,0
SELIM,30053.7899200955,0,0,0,0,0,0,0,0,0,0
SENA,23417.66956794567,0,0,0,88803,0,0,0,0,88803,0
SENGA,15443.30758167753,0,0,0,0,675,338,725,1134,0,2872
SENUFO,61526.9880596783,0,0,0,0,0,0,0,0,0,0
SERER,16560.90302894948,137,435,1291,511,0,0,0,0,2374,0
SHAIKIA,32261.38772455338,0,0,0,0,0,0,0,0,0,0
SHAMBALA,6424.846497815365,0,0,0,0,880,440,944,1477,0,3741
SHASHI,15437.08256637213,0,0,0,0,0,0,0,0,0,0
SHAWIA,36415.33182366446,0,0,0,0,0,0,0,0,0,0
SHEBELLE,8583.264125504604,0,0,0,0,0,0,0,0,0,0
SHERBRO,8202.167839998348,0,0,0,2685,0,0,0,0,2685,0
SHILA,17119.92561627891,0,0,0,0,0,0,0,0,0,0
SHILLUK,14052.41841222327,0,0,0,0,0,0,0,0,0,0
SHLUH,64135.11620733676,0,0,0,0,0,0,0,0,0,0
SHOGO,18103.42270068001,0,0,0,376,0,0,0,0,376,0
SHUKRIA,49988.32259763435,0,0,0,0,0,0,0,0,0,0
SHUWA,35944.47335954141,0,0,0,0,0,0,0,0,0,0
SIA,8230.929997545347,0,0,0,0,0,0,0,0,0,0
SIDI,110649.7495458637,0,0,0,0,0,0,0,0,0,0
SIHANAKA,14247.09787673806,0,307,265,1889,0,0,1087,1048,2461,2135
SILA,18904.93311446804,0,0,0,0,0,0,0,0,0,0
SINZA,13790.06788434395,0,0,0,0,41,20,44,69,0,174
SIRTICANS,68944.03600961959,0,0,0,0,0,0,0,0,0,0
SIWA,20306.84895230974,0,0,0,0,0,0,0,0,0,0
SOGA,14157.48362796784,0,0,0,0,41,20,44,69,0,174
SOKO,6780.568640933855,0,0,0,2586,0,0,0,0,2586,0
SOKOTO,25094.5528263906,0,0,0,0,0,0,0,0,0,0
SOLIMAN,6934.389606452767,0,0,0,0,0,0,0,0,0,0
SOMALI,,0,0,0,0,41,20,44,69,0,174
SOMBA,8921.480462279378,0,0,1715,0,0,0,0,0,1715,0
SOMRAI,12601.37996891447,0,0,766,0,0,0,0,0,766,0
SONGE,72790.30788606632,0,0,0,0,0,0,0,0,0,0
SONGHAI,62885.25185653532,0,0,0,35,0,0,0,0,35,0
SONGO,36740.55709728319,0,0,0,7866,0,0,0,0,7866,0
SONGOLA,36364.20799156469,0,0,0,0,20,10,22,34,0,86
SONGOMENO,15629.59049991085,0,0,0,0,0,0,0,0,0,0
SONINKE,79667.29253676026,0,0,0,994,0,0,0,0,994,0
SONJO,1538.454053539444,0,0,0,0,0,0,0,0,0,0
SOTHO,116584.2777051345,0,0,0,0,0,0,0,0,0,0
SUAFA,14697.0823121823,0,0,0,0,0,0,0,0,0,0
SUBIA,25536.34767964932,0,0,0,0,0,0,0,0,0,0
SUK,18834.13375221939,0,0,0,0,0,0,0,0,0,0
SUKU,9453.986517044792,0,0,1799,3292,0,0,0,0,5091,0
SUKUMA,39386.44840440837,0,0,1238,1203,552,276,593,927,2441,2348
SUMBWA,7934.635550757638,0,0,0,0,20,10,22,34,0,86
SUNDI,24463.86713517795,0,0,0,12296,0,0,0,0,12296,0
SURI,17365.0268700266,0,0,0,0,0,0,0,0,0,0
SUSU,35038.4386764983,1006,949,66294,13265,0,0,0,0,81514,0
SWAZI,29258.44066824106,0,0,0,0,0,0,0,0,0,0
TABWA,43980.33509266114,0,0,0,0,0,0,0,0,0,0
TAGALI,6381.012793127322,0,0,0,0,0,0,0,0,0,0
TAJAKANT,110206.296226053,0,0,0,0,0,0,0,0,0,0
TALODI,3914.641282280569,0,0,0,0,0,0,0,0,0,0
TAMA,18076.52330605241,0,0,0,0,0,0,0,0,0,0
TANALA,37986.50780436068,0,819,706,5037,0,0,2897,2793,6562,5690
TANGALE,3763.94749692095,0,0,0,0,0,0,0,0,0,0
TANNEKWE,17395.87811713431,0,0,0,0,0,0,0,0,0,0
TASUMSA,9749.66041576765,0,0,0,0,0,0,0,0,0,0
TATOGA,2178.514572880924,0,0,0,0,123,61,132,206,0,522
TAWANA,20295.32729120715,0,0,0,0,0,0,0,0,0,0
TAWARA,53585.97629364995,0,0,0,0,0,0,0,0,0,0
TAZARAWA,31365.27010696492,0,0,0,0,0,0,0,0,0,0
TEDA,607853.9073971929,0,0,0,0,0,0,0,0,0,0
TEITA,17273.44908704533,0,0,0,0,82,41,88,137,0,348
TEKE,127117.1301038317,2620,20644,748,41034,0,0,0,0,65046,0
TEKNA,70204.72290455247,0,0,0,0,0,0,0,0,0,0
TEM,7953.345277143966,1475,16516,31025,116,0,0,0,0,49132,0
TEMAIN,1939.883851513807,0,0,0,0,0,0,0,0,0,0
TEMBU,21084.06918202715,0,0,0,235,0,0,0,0,235,0
TEMNE,15640.24678431949,2363,2072,15110,21250,0,0,0,0,40795,0
TENDA,4460.236159542147,0,0,0,95,0,0,0,0,95,0
TERA,8079.748534209926,0,0,0,0,0,0,0,0,0,0
TESO,9543.824768950895,0,0,0,0,0,0,0,0,0,0
TETELA,82799.36823596767,0,0,0,1058,0,0,0,0,1058,0
THONGA,56554.95843344912,0,0,0,0,0,0,0,0,0,0
TIENGA,3929.10613633366,0,0,0,0,0,0,0,0,0,0
TIGON,5727.58463063649,0,0,0,0,0,0,0,0,0,0
TIGRE,23317.38982680079,0,0,0,0,0,0,0,0,0,0
TIGRINYA,64754.96575760832,0,0,0,0,0,0,0,0,0,0
TIKAR,9400.315692700482,0,0,0,1035,0,0,0,0,1035,0
TIV,22600.28703030777,0,0,0,361,0,0,0,0,361,0
TLHAPING,26006.47501405956,0,0,0,0,0,0,0,0,0,0
TLHARU,29332.32977639465,0,0,0,0,0,0,0,0,0,0
TLOKWA,35132.98030581177,0,0,0,0,0,0,0,0,0,0
TOMA,9976.573699184639,0,0,2796,495,0,0,0,0,3291,0
TONGA,67166.96947853355,0,0,0,0,61,31,66,103,0,261
TOPOKE,8840.253982103397,0,0,0,0,0,0,0,0,0,0
TOPOTHA,27060.87644873304,0,0,0,0,0,0,0,0,0,0
TORO,13689.42128750632,0,0,0,0,0,0,0,0,0,0
TOTELA,18443.14974627166,0,0,0,0,0,0,0,0,0,0
TRARZA,64414.13539115417,0,0,0,97,0,0,0,0,97,0
TRIBU,2991.859976783361,0,0,0,0,0,0,0,0,0,0
TRIPOLITANIANS,46852.05735994555,0,0,0,0,0,0,0,0,0,0
TSIMIHETY,23129.57434158827,0,499,430,3067,0,0,1764,1701,3996,3465
TUAT,153681.730315785,0,0,0,0,0,0,0,0,0,0
TUBURI,4830.128329689714,0,0,0,0,0,0,0,0,0,0
TUKULOR,35016.7999563614,0,0,0,0,0,0,0,0,0,0
TULAMA,48894.00970757249,0,0,0,0,4,2,5,7,0,18
TUMBUKA,24331.70072405524,0,0,0,788,2700,1350,2899,4534,788,11483
TUMTUM,9997.21546337488,0,0,0,0,0,0,0,0,0,0
TUNGUR,12384.74131262313,0,0,0,0,0,0,0,0,0,0
TUNISIANS,27672.08273086736,0,0,0,0,0,0,0,0,0,0
TURKANA,50019.17702880509,0,0,0,0,0,0,0,0,0,0
TURU,13504.9278126873,0,0,0,0,798,399,857,1340,0,3394
TUSYAN,6586.357577905258,0,0,0,0,0,0,0,0,0,0
UDALAN,64293.03945079929,0,0,0,0,0,0,0,0,0,0
UNGA,7236.387828824782,0,0,0,0,0,0,0,0,0,0
UREGU,3999.858598194664,0,0,0,0,0,0,0,0,0,0
VAGALA,1430.064848118963,0,0,0,0,0,0,0,0,0,0
VAI,5447.08950452809,0,0,586,514,0,0,0,0,1100,0
VENDA,26856.84952182019,0,0,0,0,0,0,0,0,0,0
VERE,5220.312017095893,0,0,0,0,0,0,0,0,0,0
VILI,22417.90570799238,0,0,218,79170,0,0,0,0,79388,0
WABA,5056.267369459569,0,0,0,0,0,0,0,0,0,0
WAKURA,1699.356375203214,0,0,0,0,0,0,0,0,0,0
WALLAGA,30790.35414001361,0,0,0,0,3,1,3,5,0,12
WALLO,27426.66995527878,0,0,0,0,2,1,3,4,0,10
WANGA,6619.887310454461,0,0,113,212,123,61,132,206,325,522
WARA,2068.666119986347,0,0,0,30,0,0,0,0,30,0
WARAIN,9892.06763410344,0,0,0,0,0,0,0,0,0,0
WARJAWA,6543.286413281375,0,0,0,0,0,0,0,0,0,0
WIDEKUM,3735.518375154144,0,0,0,0,0,0,0,0,0,0
WOBE,2323.248997057484,0,0,0,0,0,0,0,0,0,0
WOLOF,26528.37288958459,3812,5225,76292,5518,0,0,0,0,90847,0
WUM,1052.406490111091,0,0,0,0,0,0,0,0,0,0
WURKUM,2744.037123659862,0,0,0,0,0,0,0,0,0,0
WUTE,14784.15662528006,0,0,0,282,0,0,0,0,282,0
XAM,286506.6740842697,0,0,0,0,0,0,0,0,0,0
XOSA,14896.19218524276,0,631,0,0,0,0,0,0,631,0
YAHI,7253.418951612025,0,0,0,0,0,0,0,0,0,0
YAKA,55442.69586144813,0,0,0,3527,0,0,0,0,3527,0
YAKO,2672.402418176495,0,0,0,126,0,0,0,0,126,0
YAKOMA,7541.132606742191,0,0,1712,17,0,0,0,0,1729,0
YALUNKA,7807.447723353685,0,0,0,114,0,0,0,0,114,0
YANGERE,10559.15611537371,0,0,0,0,0,0,0,0,0,0
YANZI,15001.68096742405,0,0,0,0,0,0,0,0,0,0
YAO,99737.25529001196,0,0,0,11378,40258,20129,43222,67603,11378,171212
YEKE,11420.8942858668,0,0,0,0,0,0,0,0,0,0
YERGUM,1860.139079364538,0,0,0,0,0,0,0,0,0,0
YESKWA,2860.927088883734,0,0,0,90,0,0,0,0,90,0
YOMBE,19348.22723112793,0,0,0,8531,0,0,0,0,8531,0
YORUBA,47868.29229181851,1029,53224,413202,198511,0,0,0,0,665966,0
YUNGUR,2233.742490095216,0,0,0,0,0,0,0,0,0,0
ZAGHAWA,79522.44976838546,0,0,0,0,0,0,0,0,0,0
ZARAMO,23849.36070081245,0,0,0,0,23688,11844,25432,39778,0,100742
ZEKARA,3547.813299478059,0,0,0,0,0,0,0,0,0,0
ZENEGA,219274.6402573116,0,0,0,0,0,0,0,0,0,0
ZERMA,44527.32760147469,0,0,0,0,0,0,0,0,0,0
ZEZURU,57001.13903231555,0,0,0,0,0,0,0,0,0,0
ZIBAN,12155.66553408456,0,0,0,0,0,0,0,0,0,0
ZIGULA,9826.074744059222,0,0,0,0,1166,583,1252,1958,0,4959
ZIMBA,18924.07010768865,0,0,0,0,0,0,0,0,0,0
"ZUANDE, BATU (E)",2692.85279436282,0,0,0,0,0,0,0,0,0,0
ZULU,89597.67563617988,0,0,0,0,0,0,0,0,0,0
ZUMPER,2443.194544050696,0,0,0,126,0,0,0,0,126,0
